<keymap version="1" name="Xcode copy" parent="Xcode">
  <action id="ActivateLogcatToolWindow">
    <keyboard-shortcut first-keystroke="meta 6" />
    <keyboard-shortcut first-keystroke="shift meta l" />
  </action>
  <action id="ActivateTerminalToolWindow">
    <keyboard-shortcut first-keystroke="alt f12" />
    <keyboard-shortcut first-keystroke="shift meta t" />
  </action>
  <action id="Back">
    <keyboard-shortcut first-keystroke="ctrl meta left" />
    <mouse-shortcut keystroke="button4" />
    <keyboard-shortcut first-keystroke="meta open_bracket" />
  </action>
  <action id="CIDR.Lang.Cpp.GenerateDefinitions" />
  <action id="ChangesView.GroupBy.Directory" />
  <action id="Diff.NextChange" />
  <action id="Diff.PrevChange" />
  <action id="Diff.ShowSettingsPopup" />
  <action id="EditorDeleteLine">
    <keyboard-shortcut first-keystroke="meta alt back_space" />
    <keyboard-shortcut first-keystroke="shift meta d" />
  </action>
  <action id="EditorIndentLineOrSelection">
    <keyboard-shortcut first-keystroke="alt l" />
  </action>
  <action id="EditorLeft">
    <keyboard-shortcut first-keystroke="left" />
  </action>
  <action id="EditorLeftWithSelection">
    <keyboard-shortcut first-keystroke="shift left" />
  </action>
  <action id="EditorLineEnd">
    <keyboard-shortcut first-keystroke="end" />
    <keyboard-shortcut first-keystroke="meta right" />
  </action>
  <action id="EditorLineEndWithSelection">
    <keyboard-shortcut first-keystroke="shift meta right" />
    <keyboard-shortcut first-keystroke="shift end" />
  </action>
  <action id="EditorLineStart">
    <keyboard-shortcut first-keystroke="home" />
    <keyboard-shortcut first-keystroke="meta left" />
  </action>
  <action id="EditorLineStartWithSelection">
    <keyboard-shortcut first-keystroke="shift meta left" />
    <keyboard-shortcut first-keystroke="shift home" />
  </action>
  <action id="EditorNextWordInDifferentHumpsMode">
    <keyboard-shortcut first-keystroke="ctrl alt f" />
    <keyboard-shortcut first-keystroke="ctrl right" />
    <keyboard-shortcut first-keystroke="ctrl w" />
  </action>
  <action id="EditorNextWordInDifferentHumpsModeWithSelection">
    <keyboard-shortcut first-keystroke="shift ctrl alt f" />
    <keyboard-shortcut first-keystroke="shift ctrl right" />
    <keyboard-shortcut first-keystroke="shift ctrl w" />
  </action>
  <action id="EditorPreviousWordInDifferentHumpsMode">
    <keyboard-shortcut first-keystroke="ctrl alt b" />
    <keyboard-shortcut first-keystroke="ctrl left" />
    <keyboard-shortcut first-keystroke="ctrl b" />
  </action>
  <action id="EditorPreviousWordInDifferentHumpsModeWithSelection">
    <keyboard-shortcut first-keystroke="shift ctrl alt b" />
    <keyboard-shortcut first-keystroke="shift ctrl left" />
    <keyboard-shortcut first-keystroke="shift ctrl b" />
  </action>
  <action id="EditorScrollBottom" />
  <action id="EditorScrollTop" />
  <action id="EditorTextEndWithSelection">
    <keyboard-shortcut first-keystroke="shift meta end" />
    <keyboard-shortcut first-keystroke="shift meta down" />
  </action>
  <action id="EditorTextStartWithSelection">
    <keyboard-shortcut first-keystroke="shift meta home" />
    <keyboard-shortcut first-keystroke="shift meta up" />
  </action>
  <action id="EditorToggleCase" />
  <action id="EditorUnindentSelection">
    <keyboard-shortcut first-keystroke="shift tab" />
    <keyboard-shortcut first-keystroke="alt h" />
  </action>
  <action id="EditorUp">
    <keyboard-shortcut first-keystroke="up" />
  </action>
  <action id="Forward">
    <keyboard-shortcut first-keystroke="ctrl meta right" />
    <mouse-shortcut keystroke="button5" />
    <keyboard-shortcut first-keystroke="meta close_bracket" />
  </action>
  <action id="Generate" />
  <action id="GotoClass">
    <keyboard-shortcut first-keystroke="meta alt o" />
    <keyboard-shortcut first-keystroke="shift meta o" />
  </action>
  <action id="GotoSymbol" />
  <action id="GotoTest">
    <keyboard-shortcut first-keystroke="shift meta u" />
  </action>
  <action id="List-selectLastRowExtendSelection">
    <keyboard-shortcut first-keystroke="shift meta end" />
    <keyboard-shortcut first-keystroke="shift meta down" />
  </action>
  <action id="MoveLineDown">
    <keyboard-shortcut first-keystroke="meta alt close_bracket" />
    <keyboard-shortcut first-keystroke="alt j" />
  </action>
  <action id="MoveLineUp">
    <keyboard-shortcut first-keystroke="meta alt open_bracket" />
    <keyboard-shortcut first-keystroke="alt k" />
  </action>
  <action id="NewElement" />
  <action id="NewFile">
    <keyboard-shortcut first-keystroke="meta n" />
  </action>
  <action id="NextSplitter">
    <keyboard-shortcut first-keystroke="alt tab" />
    <keyboard-shortcut first-keystroke="shift meta alt close_bracket" />
  </action>
  <action id="ParameterInfo">
    <keyboard-shortcut first-keystroke="shift meta p" />
    <keyboard-shortcut first-keystroke="ctrl p" />
  </action>
  <action id="PrevSplitter">
    <keyboard-shortcut first-keystroke="shift alt tab" />
    <keyboard-shortcut first-keystroke="shift meta alt open_bracket" />
  </action>
  <action id="RecentFiles">
    <keyboard-shortcut first-keystroke="ctrl 2" />
    <keyboard-shortcut first-keystroke="ctrl 3" />
    <keyboard-shortcut first-keystroke="shift meta n" />
  </action>
  <action id="RenameElement">
    <keyboard-shortcut first-keystroke="shift f6" />
    <keyboard-shortcut first-keystroke="ctrl e" />
  </action>
  <action id="RenameFile">
    <keyboard-shortcut first-keystroke="shift ctrl e" />
  </action>
  <action id="Rerun">
    <keyboard-shortcut first-keystroke="ctrl meta alt g" />
    <keyboard-shortcut first-keystroke="shift meta r" />
  </action>
  <action id="ResizeToolWindowDown">
    <keyboard-shortcut first-keystroke="shift meta down" />
    <keyboard-shortcut first-keystroke="shift ctrl meta alt j" />
  </action>
  <action id="ResizeToolWindowLeft">
    <keyboard-shortcut first-keystroke="shift meta left" />
    <keyboard-shortcut first-keystroke="shift ctrl meta alt h" />
  </action>
  <action id="ResizeToolWindowRight">
    <keyboard-shortcut first-keystroke="shift meta right" />
    <keyboard-shortcut first-keystroke="shift ctrl meta alt l" />
  </action>
  <action id="ResizeToolWindowUp">
    <keyboard-shortcut first-keystroke="shift meta up" />
    <keyboard-shortcut first-keystroke="shift ctrl meta alt k" />
  </action>
  <action id="ResourceExplorer.show" />
  <action id="ServiceView.GroupByContributor" />
  <action id="ServiceView.GroupByServiceGroups" />
  <action id="ServiceView.ShowServices" />
  <action id="ShelveChanges.UnshelveWithDialog" />
  <action id="ShowContent">
    <keyboard-shortcut first-keystroke="ctrl t" />
  </action>
  <action id="SplitVertically">
    <keyboard-shortcut first-keystroke="shift meta s" />
  </action>
  <action id="Switcher">
    <keyboard-shortcut first-keystroke="ctrl tab" />
    <keyboard-shortcut first-keystroke="shift ctrl tab" />
    <keyboard-shortcut first-keystroke="shift meta space" />
  </action>
  <action id="Table-selectLastRowExtendSelection">
    <keyboard-shortcut first-keystroke="shift meta end" />
    <keyboard-shortcut first-keystroke="shift meta down" />
  </action>
  <action id="Table-selectPreviousColumnExtendSelection">
    <keyboard-shortcut first-keystroke="shift left" />
  </action>
  <action id="Terminal.MoveToolWindowTabLeft">
    <keyboard-shortcut first-keystroke="shift meta alt left" />
    <keyboard-shortcut first-keystroke="ctrl alt left" />
  </action>
  <action id="TodoViewGroupByShowPackages" />
  <action id="Tree-selectLastExtendSelection">
    <keyboard-shortcut first-keystroke="shift meta end" />
    <keyboard-shortcut first-keystroke="shift meta down" />
  </action>
  <action id="Tree-selectParentExtendSelection">
    <keyboard-shortcut first-keystroke="shift left" />
  </action>
  <action id="android.deploy.ApplyChanges">
    <keyboard-shortcut first-keystroke="ctrl meta e" />
  </action>
  <action id="android.deploy.CodeSwap">
    <keyboard-shortcut first-keystroke="shift ctrl meta e" />
  </action>
  <action id="buck.Kill" />
</keymap>