<application>
  <component name="FileTypeManager" version="18">
    <ignoreFiles list="*.orig;*.pyc;*.pyo;*.rbc;*.yarb;*~;.DS_Store;.git;.hg;.svn;CVS;__pycache__;_svn;vssver.scc;vssver2.scc;" />
    <extensionMap>
      <mapping pattern="PressureSampleAggregator" type="Kotlin" />
      <mapping pattern="LocationRequestsFragment" type="Kotlin" />
      <mapping pattern="PressureSampleAggregatorTest.kt" type="Kotlin" />
      <mapping pattern="PressureSampleAggregatorTest" type="Kotlin" />
      <mapping ext="gradle.kts" type="Kotlin" />
      <mapping ext="main.kts" type="Kotlin" />
      <mapping pattern="TestFile" type="PLAIN_TEXT" />
      <mapping pattern="IT WORKS" type="PLAIN_TEXT" />
      <mapping pattern="LocationRequestsFragment.kt" type="PLAIN_TEXT" />
      <mapping ext="aild" type="PLAIN_TEXT" />
      <removed_mapping ext="apk" approved="true" type="ARCHIVE" />
    </extensionMap>
  </component>
</application>