<application>
  <component name="GeneralSettings">
    <option name="confirmOpenNewProject2" value="0" />
    <option name="processCloseConfirmation" value="TERMINATE" />
    <option name="showTipsOnStartup" value="false" />
  </component>
  <component name="Registry">
    <entry key="debugger.enable.memory.view" value="false" />
    <entry key="debugger.enable.overhead.monitor" value="false" />
    <entry key="idea.invalidate.caches.invalidates.vfs" value="true" />
    <entry key="performance.watcher.unresponsive.interval.ms" value="1000" />
    <entry key="light.edit.file.open.enabled" value="false" />
    <entry key="debugger.watches.in.variables" value="false" />
    <entry key="external.system.auto.import.disabled" value="true" />
    <entry key="fb.internauth.unsafe" value="false" />
    <entry key="fb.projector.unlock_all_keymaps" value="false" />
    <entry key="ide.balloon.shadow.size" value="0" />
    <entry key="performance.watcher.unresponsive.max.attempts.before.log" value="5" />
  </component>
</application>
