<application>
  <component name="UpdatesConfigurable">
    <option name="CHECK_NEEDED" value="false" />
    <option name="LAST_BUILD_CHECKED" value="AI-211.7628.21.2111.7579519" />
    <option name="LAST_TIME_CHECKED" value="1629056813247" />
    <pluginHosts>
      <item value="https://our.intern.facebook.com/intern/intellij/plugins/updatePlugins.xml" />
    </pluginHosts>
    <option name="THIRD_PARTY_PLUGINS_ALLOWED" value="true" />
    <option name="UPDATE_CHANNEL_TYPE" value="release" />
  </component>
</application>